"Epitope","Fbeta","F1","Precision","Recall","Threshold"
"GILGFVFTL",0.859413297826611,0.743385174300179,0.959224266666667,0.606838,-26.1554
"GLCTLVAML",0.950413094392404,0.884615105769161,1,0.793103,-58.002
"HPNGYKSLSTL",0.87499984999994,0.736841839335124,1,0.583333,-48.6322
"KLVALGINAV",0.731721894513804,0.578318651625547,0.88891624137931,0.428571,-29.1307
"NLVPMVATV",0.525743773261663,0.377768399368317,0.711560260869565,0.257143,-23
"QMMVKAGL",0.427670345940176,0.406271866201578,0.443233866666667,0.375,-38.2862
"QYIKWPWYI",0.584402455019853,0.531358300469625,0.626068333333333,0.461538,-48.2118
"RFPLTFGWCF",0.899999943999991,0.782608589792051,1,0.642857,-45.3977
"RPIIRPATL",0.731228524171271,0.572950925756468,0.896296333333333,0.421053,-42.4508
"SPRWYFYYL",0.61551412771643,0.502408477401229,0.724206333333333,0.384615,-53.1828
"TTDPSFLGRY",0.753237610803928,0.664561817601538,0.8267857,0.555556,-44.7838
"VLFGLGFAI",0.641659679071836,0.540821926958918,0.732740707317073,0.428571,-41.5962
"YLQPRTFLL",0.676549397005922,0.578912663431853,0.762255,0.466667,-38.8024
"YVLDHLIVV",0.740740438957297,0.533332942222118,1,0.363636,-41.0145
