"Epitope","PR_AUC"
"GILGFVFTL",0.846649057881
"GLCTLVAML",0.8614411560405
"HPNGYKSLSTL",0.6867070935525
"KLVALGINAV",0.5953293760995
"NLVPMVATV",0.51462868481755
"QMMVKAGL",0.340265875
"QYIKWPWYI",0.412559062684
"RFPLTFGWCF",0.7369571324725
"RPIIRPATL",0.5622878938327
"SPRWYFYYL",0.4860663386138
"TTDPSFLGRY",0.6315774792445
"VLFGLGFAI",0.67794175063
"YLQPRTFLL",0.552093663172
"YVLDHLIVV",0.5031538139895
