"Epitope","PR_AUC"
"GILGFVFTL",0.8300383180815
"GLCTLVAML",0.8499946624005
"HPNGYKSLSTL",0.720103409152
"KLVALGINAV",0.6995703718585
"NLVPMVATV",0.51922630871305
"QMMVKAGL",0.3142531875
"QYIKWPWYI",0.35128591239625
"RFPLTFGWCF",0.766906868276
"RPIIRPATL",0.5523599849275
"SPRWYFYYL",0.473809426573
"TTDPSFLGRY",0.5809472244225
"VLFGLGFAI",0.6053047875525
"YLQPRTFLL",0.4769179168895
"YVLDHLIVV",0.472527149409
