"Epitope","Fbeta","F1","Precision","Recall","Threshold"
"GILGFVFTL",0.860895069887911,0.748859929156781,0.956272125,0.615385,-24.7749
"GLCTLVAML",0.931372474048425,0.84444429037035,1,0.730769,-46.1059
"HPNGYKSLSTL",0.818084071979185,0.781491183814521,0.8444445,0.727273,-66.6822
"KLVALGINAV",0.760082460487544,0.589177951726975,0.942307692307692,0.428571,-20.981
"NLVPMVATV",0.542573200584163,0.383104945438322,0.750967853658537,0.257143,-16.4206
"QMMVKAGL",0.395318443160317,0.428999711416454,0.3756563,0.5,-49.8832
"QYIKWPWYI",0.656195387873084,0.604015864421473,0.696296333333333,0.533333,-50.0834
"RFPLTFGWCF",0.869565415878913,0.727273074380071,1,0.571429,-38
"RPIIRPATL",0.739773570410655,0.612612254550576,0.858586,0.47619,-35
"SPRWYFYYL",0.615671641791045,0.496240601503759,0.733333333333333,0.375,-52.7414
"TTDPSFLGRY",0.779924370795159,0.747901740769649,0.802841,0.7,-47.8474
"VLFGLGFAI",0.549795683195382,0.557713459477569,0.544640891891892,0.571429,-37.6672
"YLQPRTFLL",0.735294238754297,0.526315944598322,1,0.357143,-37.3589
"YVLDHLIVV",0.705127928994074,0.666666462809905,0.733333,0.611111,-45.0013
