"Epitope","PR_AUC"
"GILGFVFTL",0.795224543296665
"GLCTLVAML",0.847495167536
"HPNGYKSLSTL",0.6929412652955
"KLVALGINAV",0.6398417351585
"NLVPMVATV",0.4305445655376
"QMMVKAGL",0.2523278125
"QYIKWPWYI",0.3482277482362
"RFPLTFGWCF",0.778098789082
"RPIIRPATL",0.569347363438
"SPRWYFYYL",0.4858428596655
"TTDPSFLGRY",0.482200490547
"VLFGLGFAI",0.487347640899
"YLQPRTFLL",0.48933573884635
"YVLDHLIVV",0.4275945649289
