"Epitope","PR_AUC"
"GILGFVFTL",0.8102150027965
"GLCTLVAML",0.846769492345
"HPNGYKSLSTL",0.680432249524
"KLVALGINAV",0.621145296712
"NLVPMVATV",0.47459427044405
"QMMVKAGL",0.3223778125
"QYIKWPWYI",0.3823549828723
"RFPLTFGWCF",0.7706621211415
"RPIIRPATL",0.5872803930135
"SPRWYFYYL",0.496977464422
"TTDPSFLGRY",0.5736954582635
"VLFGLGFAI",0.436439331418
"YLQPRTFLL",0.485529666845445
"YVLDHLIVV",0.4575963173045
